{
    "rotation_matrix": [
        [
            0.9770971921106771,
            -0.10614822837070642,
            0.18442784709254434
        ],
        [
            -0.17767972111680638,
            0.06993989790768299,
            0.9815998815120736
        ],
        [
            -0.11709395318838826,
            -0.9918875764391967,
            0.049477690248154266
        ]
    ],
    "gyro_bias": [
        -0.0125543796364218,
        0.01635413441651811,
        -0.007421868279731522
    ],
    "description": "Multiply raw IMU vectors by this matrix to align with the tilt axis (Y) and Up (Z)."
}